{
  "target": {
    "x": -490.440063,
    "y": 15.4815645,
    "z": 412.3195
  }
}