{
  "target": {
    "x": -496.707367,
    "y": 15.15184,
    "z": 418.40332
  }
}